{"stats":{"minecraft:picked_up":{"minecraft:end_stone_bricks":5,"minecraft:cocoa_beans":6,"minecraft:wheat":4,"minecraft:suspicious_stew":6,"minecraft:stone_slab":2,"minecraft:diamond_sword":1,"minecraft:enchanted_book":2,"minecraft:dragon_head":1,"minecraft:shield":1,"minecraft:cornflower":5,"minecraft:elytra":4,"minecraft:raw_copper":160,"minecraft:acacia_door":1,"minecraft:white_carpet":13,"minecraft:iron_shovel":1,"minecraft:diamond_leggings":1,"minecraft:bucket":1,"minecraft:music_disc_otherside":1,"minecraft:acacia_sign":3,"minecraft:cobblestone_slab":177,"minecraft:melon_slice":5,"minecraft:chest":1,"minecraft:phantom_membrane":74,"minecraft:diamond_hoe":3,"minecraft:egg":3,"minecraft:raw_iron":16,"minecraft:stick":1,"minecraft:stone":143,"minecraft:torch":719,"minecraft:bowl":5,"minecraft:cookie":206,"minecraft:diorite":321,"minecraft:orange_bed":2,"minecraft:diamond_chestplate":1,"minecraft:rotten_flesh":8,"minecraft:pumpkin_pie":48,"minecraft:diamond_boots":1,"minecraft:mutton":3,"minecraft:iron_bars":2,"minecraft:white_wool":17,"minecraft:cobblestone":4968,"minecraft:water_bucket":1,"minecraft:jungle_log":22,"minecraft:andesite":85,"minecraft:brown_wool":1,"minecraft:flint":1,"minecraft:lapis_lazuli":56,"minecraft:dirt":118,"minecraft:white_banner":1,"minecraft:bone":4,"minecraft:acacia_planks":1,"minecraft:stone_bricks":2,"minecraft:wheat_seeds":3,"minecraft:diamond_helmet":1,"minecraft:oak_planks":7,"minecraft:dandelion":1,"minecraft:gravel":54,"minecraft:sand":2,"minecraft:white_bed":3,"minecraft:spider_eye":1,"minecraft:shulker_box":7,"minecraft:firework_rocket":70,"minecraft:diamond_shovel":1,"minecraft:coal_ore":24,"minecraft:diamond":41,"minecraft:diamond_axe":1,"minecraft:crossbow":1,"minecraft:granite":347,"minecraft:acacia_slab":1,"minecraft:netherrack":59,"minecraft:coal":108,"minecraft:diamond_pickaxe":4,"minecraft:ender_pearl":810},"minecraft:used":{"minecraft:iron_bars":2,"minecraft:ladder":4,"minecraft:elytra":3,"minecraft:diamond_hoe":11,"minecraft:stone":5,"minecraft:netherrack":12,"minecraft:orange_bed":4,"minecraft:torch":44,"minecraft:dirt":236,"minecraft:mutton":3,"minecraft:white_carpet":17,"minecraft:jungle_planks":6,"minecraft:shulker_box":7,"minecraft:axolotl_bucket":1,"minecraft:obsidian":2,"minecraft:coal_ore":23,"minecraft:acacia_slab":7,"minecraft:jungle_log":2,"minecraft:stone_bricks":2,"minecraft:diamond_chestplate":1,"minecraft:egg":2,"minecraft:wheat_seeds":3,"minecraft:water_bucket":1,"minecraft:diorite":10,"minecraft:end_stone_bricks":20,"minecraft:stone_pickaxe":2,"minecraft:oak_planks":7,"minecraft:ender_pearl":12,"minecraft:cobblestone_slab":804,"minecraft:diamond_axe":3,"minecraft:cookie":43,"minecraft:crafting_table":1,"minecraft:crossbow":1,"minecraft:white_bed":4,"minecraft:blackstone_wall":10,"minecraft:blue_stained_glass_pane":5,"minecraft:diamond_pickaxe":7794,"minecraft:firework_rocket":47,"minecraft:diamond_shovel":108,"minecraft:acacia_door":2,"minecraft:acacia_sign":4,"minecraft:suspicious_stew":4,"minecraft:melon_slice":5,"minecraft:brown_wool":1,"minecraft:stone_slab":6,"minecraft:gravel":1,"minecraft:diamond_sword":89,"minecraft:cobblestone":12,"minecraft:andesite":1,"minecraft:bucket":2,"minecraft:glass_pane":8,"minecraft:pumpkin_pie":34,"minecraft:dandelion":1},"minecraft:killed_by":{"minecraft:player":3,"minecraft:enderman":1,"minecraft:skeleton":2},"minecraft:killed":{"minecraft:skeleton":1,"minecraft:sheep":3,"minecraft:pillager":1,"minecraft:zombie":1,"minecraft:enderman":324},"minecraft:mined":{"minecraft:white_bed":3,"minecraft:shulker_box":7,"minecraft:granite":424,"minecraft:grass_block":24,"minecraft:jungle_log":5,"minecraft:acacia_slab":1,"minecraft:iron_ore":17,"minecraft:andesite":110,"minecraft:dirt_path":2,"minecraft:cobblestone_slab":22,"minecraft:vine":5,"minecraft:iron_bars":2,"minecraft:end_stone_bricks":2,"minecraft:stone":6550,"minecraft:orange_bed":2,"minecraft:dandelion":1,"minecraft:cornflower":2,"minecraft:torch":13,"minecraft:melon":1,"minecraft:chest":1,"minecraft:copper_ore":63,"minecraft:cobblestone":9,"minecraft:lapis_ore":4,"minecraft:oak_planks":2,"minecraft:diorite":467,"minecraft:wall_torch":6,"minecraft:wheat":1,"minecraft:white_carpet":4,"minecraft:grass":11,"minecraft:coal_ore":84,"minecraft:cocoa":1,"minecraft:gravel":53,"minecraft:acacia_door":1,"minecraft:dirt":84,"minecraft:acacia_sign":1,"minecraft:netherrack":29,"minecraft:oak_leaves":2,"minecraft:fern":1},"minecraft:broken":{"minecraft:diamond_pickaxe":1},"minecraft:dropped":{"minecraft:lapis_lazuli":10,"minecraft:ender_pearl":695,"minecraft:granite":64,"minecraft:jungle_planks":1,"minecraft:flint":1,"minecraft:torch":346,"minecraft:cornflower":1,"minecraft:bone":2,"minecraft:cocoa_beans":3,"minecraft:bowl":3,"minecraft:diamond_hoe":1,"minecraft:stone_slab":2,"minecraft:shears":1,"minecraft:diamond_pickaxe":1},"minecraft:crafted":{"minecraft:cobblestone_slab":774,"minecraft:diamond_hoe":2,"minecraft:diamond_shovel":1,"minecraft:diamond_helmet":1,"minecraft:diamond_leggings":1,"minecraft:ladder":3,"minecraft:diamond_boots":1,"minecraft:diamond_sword":1,"minecraft:diamond_axe":1,"minecraft:crafting_table":1,"minecraft:jungle_planks":80,"minecraft:diamond_pickaxe":1,"minecraft:stick":104,"minecraft:stone_slab":6,"minecraft:white_bed":6,"minecraft:torch":336,"minecraft:diamond_chestplate":1},"minecraft:custom":{"minecraft:mob_kills":330,"minecraft:interact_with_anvil":3,"minecraft:inspect_hopper":1,"minecraft:interact_with_crafting_table":12,"minecraft:open_shulker_box":138,"minecraft:eat_cake_slice":2,"minecraft:leave_game":3,"minecraft:time_since_death":13047,"minecraft:climb_one_cm":31201,"minecraft:sprint_one_cm":540962,"minecraft:walk_one_cm":786910,"minecraft:drop":82,"minecraft:talked_to_villager":9,"minecraft:play_time":209225,"minecraft:deaths":11,"minecraft:sneak_time":14316,"minecraft:walk_under_water_one_cm":34984,"minecraft:jump":3260,"minecraft:walk_on_water_one_cm":17768,"minecraft:enchant_item":2,"minecraft:total_world_time":209225,"minecraft:interact_with_grindstone":1,"minecraft:sleep_in_bed":3,"minecraft:time_since_rest":9745,"minecraft:open_enderchest":4,"minecraft:damage_taken":5439,"minecraft:damage_dealt":2668,"minecraft:swim_one_cm":41971,"minecraft:fly_one_cm":1020574,"minecraft:open_chest":204,"minecraft:crouch_one_cm":65004,"minecraft:aviate_one_cm":1165834,"minecraft:fall_one_cm":81674}},"DataVersion":2865}