{"stats":{"minecraft:dropped":{"minecraft:iron_sword":2,"minecraft:acacia_wood":1,"minecraft:glass_bottle":12,"minecraft:cooked_porkchop":1,"minecraft:elytra":2,"minecraft:red_carpet":1,"minecraft:item_frame":2,"minecraft:emerald":84,"minecraft:dirt":59,"minecraft:grass":1,"minecraft:gold_nugget":6,"minecraft:bone_meal":7,"minecraft:white_wool":4,"minecraft:bone":6,"minecraft:stone_axe":2,"minecraft:sugar_cane":39,"minecraft:lever":5,"minecraft:cooked_chicken":7,"minecraft:cobbled_deepslate":370,"minecraft:wheat":4,"minecraft:rotten_flesh":4,"minecraft:end_stone":234,"minecraft:jungle_trapdoor":258,"minecraft:salmon":1,"minecraft:jungle_log":198,"minecraft:hopper":21,"minecraft:glass":59,"minecraft:ghast_tear":10,"minecraft:egg":2,"minecraft:iron_ingot":29,"minecraft:wheat_seeds":5,"minecraft:cobblestone":219,"minecraft:feather":1,"minecraft:coal":11,"minecraft:lava_bucket":1,"minecraft:golden_carrot":81,"minecraft:cooked_salmon":1,"minecraft:diamond_helmet":2,"minecraft:paper":7,"minecraft:acacia_planks":139,"minecraft:diamond_hoe":1,"minecraft:white_carpet":4,"minecraft:shears":1,"minecraft:diamond_sword":2,"minecraft:diamond_pickaxe":7,"minecraft:bow":2,"minecraft:brown_mushroom":2,"minecraft:diamond_axe":4,"minecraft:ender_pearl":1058,"minecraft:jungle_planks":2,"minecraft:ice":1,"minecraft:dispenser":3,"minecraft:pumpkin_pie":18,"minecraft:gold_ingot":4,"minecraft:gravel":18,"minecraft:diamond_shovel":1,"minecraft:gunpowder":1,"minecraft:melon_seeds":3,"minecraft:bee_nest":1,"minecraft:arrow":1,"minecraft:basalt":9,"minecraft:iron_bars":11,"minecraft:oak_leaves":129,"minecraft:splash_potion":2,"minecraft:netherrack":652,"minecraft:firework_rocket":77,"minecraft:water_bucket":4,"minecraft:golden_helmet":1,"minecraft:diamond_leggings":1,"minecraft:acacia_log":7,"minecraft:torch":35,"minecraft:melon_slice":1,"minecraft:stonecutter":1,"minecraft:oak_trapdoor":7,"minecraft:blaze_rod":64,"minecraft:tuff":78,"minecraft:light_gray_wool":1,"minecraft:shulker_box":3,"minecraft:glass_pane":10,"minecraft:shield":1,"minecraft:dead_horn_coral_fan":2,"minecraft:diamond_chestplate":2,"minecraft:andesite":6,"minecraft:diamond_boots":1,"minecraft:slime_ball":2,"minecraft:stone_pickaxe":1},"minecraft:broken":{"minecraft:shears":2,"minecraft:diamond_pickaxe":2,"minecraft:iron_sword":1,"minecraft:fishing_rod":4,"minecraft:shield":1,"minecraft:iron_axe":1,"minecraft:iron_pickaxe":2,"minecraft:iron_shovel":1,"minecraft:stone_axe":3,"minecraft:flint_and_steel":1},"minecraft:used":{"minecraft:poppy":53,"minecraft:ladder":3,"minecraft:elytra":3,"minecraft:chest":63,"minecraft:stone":43,"minecraft:rotten_flesh":10,"minecraft:soul_sand":50,"minecraft:jungle_sapling":68,"minecraft:packed_ice":8,"minecraft:lava_bucket":2,"minecraft:villager_spawn_egg":2,"minecraft:bow":40,"minecraft:oak_sapling":2,"minecraft:egg":10,"minecraft:diorite":30,"minecraft:mossy_stone_bricks":1,"minecraft:end_stone_bricks":1,"minecraft:acacia_trapdoor":3,"minecraft:wooden_pickaxe":59,"minecraft:composter":4,"minecraft:purpur_pillar":4,"minecraft:oak_leaves":261,"minecraft:purpur_stairs":1,"minecraft:sand":55,"minecraft:acacia_leaves":137,"minecraft:diamond_sword":2439,"minecraft:smithing_table":1,"minecraft:oak_boat":4,"minecraft:iron_bars":4,"minecraft:enchanting_table":1,"minecraft:cooked_salmon":2,"minecraft:netherrack":1940,"minecraft:torch":278,"minecraft:dragon_egg":1,"minecraft:brewing_stand":1,"minecraft:anvil":3,"minecraft:jungle_trapdoor":776,"minecraft:red_shulker_box":2,"minecraft:iron_axe":264,"minecraft:iron_block":255,"minecraft:slime_block":7,"minecraft:melon_seeds":27,"minecraft:bamboo":64,"minecraft:diamond_chestplate":3,"minecraft:acacia_wood":1,"minecraft:acacia_planks":102,"minecraft:cobbled_deepslate":51,"minecraft:observer":3,"minecraft:wheat_seeds":19,"minecraft:water_bucket":224,"minecraft:warped_stem":6,"minecraft:yellow_shulker_box":2,"minecraft:fletching_table":8,"minecraft:salmon":6,"minecraft:rail":2,"minecraft:oak_slab":99,"minecraft:crafting_table":22,"minecraft:white_bed":3,"minecraft:cake":9,"minecraft:blue_stained_glass_pane":3,"minecraft:ender_eye":10,"minecraft:diamond_pickaxe":23988,"minecraft:diamond_shovel":1984,"minecraft:iron_pickaxe":500,"minecraft:suspicious_stew":2,"minecraft:purpur_slab":1,"minecraft:cobblestone":1001,"minecraft:porkchop":1,"minecraft:cooked_porkchop":17,"minecraft:glass_pane":5,"minecraft:jukebox":1,"minecraft:diamond_leggings":8,"minecraft:iron_shovel":291,"minecraft:bone_block":8,"minecraft:diamond_hoe":923,"minecraft:white_concrete_powder":1,"minecraft:shield":55,"minecraft:iron_sword":297,"minecraft:nether_wart":30,"minecraft:iron_chestplate":3,"minecraft:mutton":4,"minecraft:nether_bricks":19,"minecraft:axolotl_bucket":2,"minecraft:obsidian":30,"minecraft:glass":117,"minecraft:stone_bricks":3,"minecraft:item_frame":1,"minecraft:scaffolding":77,"minecraft:diamond_boots":3,"minecraft:wither_skeleton_skull":1,"minecraft:dropper":1,"minecraft:stone_pickaxe":105,"minecraft:oak_planks":18,"minecraft:ender_pearl":116,"minecraft:diamond_axe":2171,"minecraft:blue_bed":6,"minecraft:sugar_cane":8,"minecraft:white_wool":3,"minecraft:yellow_terracotta":1,"minecraft:crossbow":1,"minecraft:end_stone":431,"minecraft:shears":572,"minecraft:sticky_piston":1,"minecraft:lever":1,"minecraft:firework_rocket":163,"minecraft:acacia_door":1,"minecraft:melon_slice":33,"minecraft:bread":75,"minecraft:iron_door":1,"minecraft:deepslate":177,"minecraft:gravel":13,"minecraft:dead_horn_coral_fan":2,"minecraft:grindstone":1,"minecraft:andesite":26,"minecraft:tropical_fish_bucket":1,"minecraft:bone_meal":156,"minecraft:purpur_block":21,"minecraft:music_disc_otherside":2,"minecraft:flint_and_steel":75,"minecraft:ender_chest":7,"minecraft:cooked_chicken":12,"minecraft:oak_door":5,"minecraft:dirt":1020,"minecraft:white_carpet":38,"minecraft:hopper":28,"minecraft:diamond_helmet":9,"minecraft:shulker_box":45,"minecraft:bee_nest":1,"minecraft:granite":14,"minecraft:dark_oak_planks":3,"minecraft:wooden_axe":36,"minecraft:bookshelf":39,"minecraft:acacia_slab":12,"minecraft:iron_boots":1,"minecraft:crimson_planks":20,"minecraft:light_gray_wool":2,"minecraft:golden_carrot":106,"minecraft:minecart":1,"minecraft:cooked_beef":113,"minecraft:pumpkin":2,"minecraft:cooked_mutton":67,"minecraft:acacia_boat":7,"minecraft:cobblestone_stairs":4,"minecraft:glass_bottle":24,"minecraft:baked_potato":1,"minecraft:beacon":7,"minecraft:cobblestone_slab":1571,"minecraft:warped_planks":91,"minecraft:wooden_hoe":16,"minecraft:acacia_stairs":1,"minecraft:apple":4,"minecraft:acacia_fence_gate":18,"minecraft:stone_axe":356,"minecraft:fishing_rod":74,"minecraft:end_crystal":2,"minecraft:bucket":251,"minecraft:yellow_bed":1,"minecraft:pumpkin_pie":118,"minecraft:splash_potion":3},"minecraft:picked_up":{"minecraft:iron_chestplate":3,"minecraft:suspicious_stew":3,"minecraft:diamond_sword":22,"minecraft:enchanted_book":16,"minecraft:brewing_stand":3,"minecraft:golden_sword":1,"minecraft:string":85,"minecraft:soul_soil":18,"minecraft:cooked_salmon":9,"minecraft:diamond_leggings":17,"minecraft:gold_nugget":218,"minecraft:cobbled_deepslate":616,"minecraft:acacia_sign":2,"minecraft:acacia_fence_gate":2,"minecraft:melon_slice":104,"minecraft:golden_helmet":4,"minecraft:big_dripleaf":2,"minecraft:purpur_pillar":9,"minecraft:acacia_log":285,"minecraft:warped_planks":2,"minecraft:end_crystal":2,"minecraft:brown_carpet":9,"minecraft:orange_bed":1,"minecraft:tropical_fish":3,"minecraft:blackstone_wall":10,"minecraft:iron_block":83,"minecraft:carved_pumpkin":2,"minecraft:bookshelf":1,"minecraft:end_rod":6,"minecraft:blaze_rod":26,"minecraft:iron_bars":38,"minecraft:magma_block":10,"minecraft:feather":38,"minecraft:cooked_beef":245,"minecraft:iron_door":3,"minecraft:water_bucket":19,"minecraft:jungle_log":1521,"minecraft:brown_wool":3,"minecraft:acacia_leaves":233,"minecraft:flint":38,"minecraft:diamond_helmet":20,"minecraft:glowstone_dust":78,"minecraft:warped_wart_block":1,"minecraft:acacia_stairs":37,"minecraft:stripped_acacia_log":1,"minecraft:dispenser":5,"minecraft:deepslate":178,"minecraft:lever":18,"minecraft:granite":710,"minecraft:bread":34,"minecraft:diamond_pickaxe":24,"minecraft:crafting_table":9,"minecraft:bee_nest":3,"minecraft:clay_ball":67,"minecraft:dragon_head":1,"minecraft:acacia_button":64,"minecraft:purpur_block":41,"minecraft:cornflower":1,"minecraft:jungle_trapdoor":963,"minecraft:elytra":14,"minecraft:acacia_door":2,"minecraft:flint_and_steel":2,"minecraft:white_carpet":195,"minecraft:iron_shovel":4,"minecraft:glass_pane":21,"minecraft:music_disc_otherside":2,"minecraft:jungle_sapling":96,"minecraft:poppy":4,"minecraft:minecart":1,"minecraft:chest":65,"minecraft:piston":4,"minecraft:diamond_hoe":4,"minecraft:egg":23,"minecraft:copper_ore":1,"minecraft:stone":187,"minecraft:oak_door":2,"minecraft:carrot":91,"minecraft:redstone":34,"minecraft:diamond_chestplate":11,"minecraft:shears":6,"minecraft:diamond_boots":13,"minecraft:purpur_slab":3,"minecraft:yellow_terracotta":57,"minecraft:gold_ingot":15,"minecraft:glow_berries":1,"minecraft:mutton":22,"minecraft:bone_block":2,"minecraft:white_wool":160,"minecraft:rail":2,"minecraft:yellow_shulker_box":1,"minecraft:red_mushroom":1,"minecraft:acacia_wood":21,"minecraft:purpur_stairs":3,"minecraft:oak_log":320,"minecraft:jungle_button":640,"minecraft:ancient_debris":20,"minecraft:blue_bed":6,"minecraft:paper":28,"minecraft:stone_bricks":469,"minecraft:apple":7,"minecraft:kelp":1,"minecraft:warped_stem":44,"minecraft:stone_pickaxe":1,"minecraft:glass_bottle":12,"minecraft:iron_sword":4,"minecraft:gravel":342,"minecraft:firework_rocket":151,"minecraft:diamond_shovel":4,"minecraft:slime_ball":136,"minecraft:stone_axe":2,"minecraft:diamond_axe":12,"minecraft:gray_wool":2,"minecraft:warped_roots":4,"minecraft:baked_potato":2,"minecraft:melon_seeds":47,"minecraft:warped_nylium":10,"minecraft:hopper":14,"minecraft:ender_pearl":3216,"minecraft:shulker_shell":76,"minecraft:wheat":114,"minecraft:ender_chest":7,"minecraft:dead_horn_coral_fan":1,"minecraft:potion":6,"minecraft:raw_copper":279,"minecraft:iron_leggings":3,"minecraft:comparator":1,"minecraft:bucket":10,"minecraft:cobblestone_slab":93,"minecraft:iron_boots":1,"minecraft:stick":234,"minecraft:acacia_fence":4,"minecraft:torch":340,"minecraft:porkchop":10,"minecraft:diorite":371,"minecraft:nether_gold_ore":89,"minecraft:rotten_flesh":91,"minecraft:obsidian":78,"minecraft:cobblestone":10366,"minecraft:magma_cream":7,"minecraft:andesite":859,"minecraft:beacon":5,"minecraft:tuff":39,"minecraft:acacia_boat":8,"minecraft:wither_skeleton_skull":2,"minecraft:lapis_lazuli":60,"minecraft:dirt":1847,"minecraft:name_tag":1,"minecraft:glass":173,"minecraft:bone":99,"minecraft:acacia_planks":118,"minecraft:bow":9,"minecraft:wheat_seeds":462,"minecraft:raw_gold":4,"minecraft:grindstone":1,"minecraft:mossy_stone_bricks":1,"minecraft:fletching_table":6,"minecraft:bamboo":574,"minecraft:oak_planks":7,"minecraft:ghast_tear":8,"minecraft:cooked_porkchop":206,"minecraft:sand":163,"minecraft:jungle_planks":30,"minecraft:shulker_box":37,"minecraft:diamond":110,"minecraft:slime_block":2,"minecraft:crossbow":1,"minecraft:bone_meal":47,"minecraft:grass":2,"minecraft:emerald":101,"minecraft:oak_sapling":29,"minecraft:netherrack":4982,"minecraft:chorus_fruit":63,"minecraft:oak_leaves":556,"minecraft:nether_star":1,"minecraft:end_stone_bricks":67,"minecraft:ladder":1,"minecraft:brown_mushroom":11,"minecraft:packed_ice":1374,"minecraft:shield":4,"minecraft:dragon_breath":12,"minecraft:oak_trapdoor":7,"minecraft:iron_axe":3,"minecraft:item_frame":4,"minecraft:blackstone":23,"minecraft:oak_boat":7,"minecraft:observer":2,"minecraft:light_gray_wool":6,"minecraft:sugar_cane":349,"minecraft:phantom_membrane":80,"minecraft:raw_iron":109,"minecraft:end_stone":858,"minecraft:bowl":2,"minecraft:dark_oak_planks":3,"minecraft:arrow":79,"minecraft:red_shulker_box":1,"minecraft:pumpkin_pie":145,"minecraft:nether_bricks":26,"minecraft:saddle":3,"minecraft:golden_carrot":189,"minecraft:magenta_banner":1,"minecraft:crimson_stem":5,"minecraft:salmon":47,"minecraft:leather":88,"minecraft:ice":1,"minecraft:gunpowder":45,"minecraft:cooked_mutton":156,"minecraft:red_carpet":3,"minecraft:acacia_trapdoor":2,"minecraft:iron_ingot":302,"minecraft:cooked_chicken":35,"minecraft:acacia_sapling":10,"minecraft:soul_sand":82,"minecraft:book":279,"minecraft:oak_slab":98,"minecraft:scaffolding":65,"minecraft:warped_fungus":3,"minecraft:pumpkin":8,"minecraft:chiseled_stone_bricks":128,"minecraft:quartz":207,"minecraft:dandelion":2,"minecraft:lava_bucket":1,"minecraft:white_bed":1,"minecraft:spider_eye":26,"minecraft:stripped_jungle_log":1,"minecraft:pumpkin_seeds":8,"minecraft:white_concrete_powder":46,"minecraft:acacia_slab":13,"minecraft:black_wool":6,"minecraft:coal":277},"minecraft:killed":{"minecraft:shulker":36,"minecraft:skeleton":33,"minecraft:chicken":11,"minecraft:magma_cube":17,"minecraft:salmon":49,"minecraft:iron_golem":3,"minecraft:ender_dragon":1,"minecraft:pillager":3,"minecraft:zombie":28,"minecraft:cow":41,"minecraft:endermite":2,"minecraft:horse":1,"minecraft:enderman":5389,"minecraft:zombified_piglin":3,"minecraft:spider":16,"minecraft:wither":1,"minecraft:silverfish":1,"minecraft:piglin":15,"minecraft:pig":34,"minecraft:zombie_villager":1,"minecraft:creeper":8,"minecraft:sheep":42,"minecraft:ghast":9,"minecraft:blaze":26,"minecraft:slime":33,"minecraft:phantom":15,"minecraft:drowned":1,"minecraft:wither_skeleton":8},"minecraft:custom":{"minecraft:interact_with_crafting_table":220,"minecraft:bell_ring":1,"minecraft:eat_cake_slice":34,"minecraft:leave_game":44,"minecraft:time_since_death":631069,"minecraft:damage_blocked_by_shield":2650,"minecraft:play_time":2459834,"minecraft:deaths":34,"minecraft:jump":34179,"minecraft:enchant_item":13,"minecraft:interact_with_furnace":61,"minecraft:play_record":2,"minecraft:traded_with_villager":456,"minecraft:sleep_in_bed":14,"minecraft:damage_dealt":95010,"minecraft:inspect_dispenser":10,"minecraft:horse_one_cm":26677,"minecraft:inspect_dropper":1,"minecraft:interact_with_anvil":32,"minecraft:inspect_hopper":31,"minecraft:sneak_time":105658,"minecraft:total_world_time":2459834,"minecraft:interact_with_stonecutter":1,"minecraft:time_since_rest":271738,"minecraft:swim_one_cm":593450,"minecraft:fly_one_cm":12555069,"minecraft:open_chest":1328,"minecraft:fall_one_cm":927374,"minecraft:animals_bred":1,"minecraft:open_shulker_box":503,"minecraft:sprint_one_cm":4488537,"minecraft:drop":1869,"minecraft:talked_to_villager":225,"minecraft:interact_with_brewingstand":22,"minecraft:walk_on_water_one_cm":287725,"minecraft:open_enderchest":81,"minecraft:interact_with_beacon":15,"minecraft:crouch_one_cm":393904,"minecraft:mob_kills":5847,"minecraft:climb_one_cm":219736,"minecraft:walk_one_cm":5356317,"minecraft:walk_under_water_one_cm":508988,"minecraft:boat_one_cm":5654,"minecraft:interact_with_grindstone":11,"minecraft:damage_taken":42354,"minecraft:aviate_one_cm":7365000},"minecraft:killed_by":{"minecraft:ender_dragon":4,"minecraft:shulker":1,"minecraft:ghast":1,"minecraft:creeper":2,"minecraft:blaze":1,"minecraft:player":6,"minecraft:enderman":4,"minecraft:iron_golem":1,"minecraft:skeleton":2},"minecraft:crafted":{"minecraft:ender_chest":2,"minecraft:jungle_button":704,"minecraft:blaze_powder":30,"minecraft:blue_stained_glass_pane":8,"minecraft:slime_block":7,"minecraft:lever":2,"minecraft:diamond_shovel":2,"minecraft:bookshelf":11,"minecraft:shulker_box":21,"minecraft:iron_bars":16,"minecraft:glass":136,"minecraft:repeater":24,"minecraft:beacon":2,"minecraft:melon_seeds":27,"minecraft:name_tag":1,"minecraft:glass_bottle":36,"minecraft:emerald":335,"minecraft:diamond_axe":2,"minecraft:acacia_slab":306,"minecraft:sticky_piston":1,"minecraft:fletching_table":3,"minecraft:campfire":16,"minecraft:wooden_hoe":1,"minecraft:stone_slab":54,"minecraft:iron_pickaxe":2,"minecraft:iron_block":198,"minecraft:gold_ingot":114,"minecraft:netherite_ingot":5,"minecraft:composter":1,"minecraft:golden_carrot":70,"minecraft:jukebox":1,"minecraft:iron_nugget":18,"minecraft:diamond_hoe":4,"minecraft:acacia_fence_gate":16,"minecraft:yellow_bed":1,"minecraft:bone_meal":594,"minecraft:white_carpet":132,"minecraft:ladder":132,"minecraft:red_shulker_box":1,"minecraft:stone_pickaxe":1,"minecraft:diamond_boots":1,"minecraft:jungle_fence":3,"minecraft:wheat":72,"minecraft:coal_block":11,"minecraft:firework_star":5,"minecraft:blue_bed":1,"minecraft:golden_apple":9,"minecraft:fermented_spider_eye":4,"minecraft:wooden_axe":1,"minecraft:white_bed":3,"minecraft:grindstone":2,"minecraft:oak_planks":1011,"minecraft:cobblestone_slab":2094,"minecraft:cobblestone_stairs":40,"minecraft:stone":80,"minecraft:warped_planks":152,"minecraft:brown_carpet":3,"minecraft:cake":9,"minecraft:hopper":51,"minecraft:bow":11,"minecraft:comparator":1,"minecraft:chest":159,"minecraft:stone_hoe":6,"minecraft:ender_eye":12,"minecraft:dropper":1,"minecraft:oak_slab":96,"minecraft:crafting_table":17,"minecraft:wooden_pickaxe":1,"minecraft:acacia_button":64,"minecraft:dispenser":9,"minecraft:iron_chestplate":1,"minecraft:paper":246,"minecraft:diamond_pickaxe":3,"minecraft:yellow_dye":1,"minecraft:shield":1,"minecraft:stick":2716,"minecraft:iron_ingot":9,"minecraft:redstone_torch":51,"minecraft:shears":6,"minecraft:oak_door":3,"minecraft:coal":18,"minecraft:redstone":24,"minecraft:fishing_rod":6,"minecraft:jungle_trapdoor":950,"minecraft:glass_pane":16,"minecraft:flint_and_steel":3,"minecraft:scaffolding":132,"minecraft:white_concrete_powder":24,"minecraft:yellow_shulker_box":1,"minecraft:iron_axe":2,"minecraft:netherite_scrap":20,"minecraft:observer":10,"minecraft:sugar":4,"minecraft:red_dye":18,"minecraft:crimson_planks":20,"minecraft:diamond_sword":3,"minecraft:iron_sword":1,"minecraft:bucket":24,"minecraft:stone_axe":3,"minecraft:air":0,"minecraft:bread":56,"minecraft:acacia_boat":2,"minecraft:jungle_planks":4756,"minecraft:blue_dye":3,"minecraft:oak_boat":1,"minecraft:gold_nugget":315,"minecraft:white_dye":15,"minecraft:black_carpet":6,"minecraft:stonecutter":1,"minecraft:anvil":3,"minecraft:pumpkin_pie":176,"minecraft:acacia_planks":1156,"minecraft:torch":688,"minecraft:granite_slab":36,"minecraft:diamond_chestplate":1,"minecraft:firework_rocket":234},"minecraft:mined":{"minecraft:dark_oak_planks":4,"minecraft:dragon_wall_head":2,"minecraft:red_shulker_box":2,"minecraft:white_bed":1,"minecraft:jungle_leaves":1250,"minecraft:carved_pumpkin":2,"minecraft:obsidian":42,"minecraft:granite":1080,"minecraft:acacia_log":293,"minecraft:jungle_log":1435,"minecraft:purpur_slab":3,"minecraft:hopper":2,"minecraft:spawner":1,"minecraft:weeping_vines_plant":1,"minecraft:tall_seagrass":1,"minecraft:magma_block":10,"minecraft:cobbled_deepslate":4,"minecraft:fire":285,"minecraft:pumpkin":8,"minecraft:fletching_table":6,"minecraft:deepslate_lapis_ore":4,"minecraft:dirt_path":86,"minecraft:iron_block":99,"minecraft:orange_bed":1,"minecraft:jungle_trapdoor":15,"minecraft:brown_mushroom":9,"minecraft:red_bed":1,"minecraft:soul_fire":13,"minecraft:torch":45,"minecraft:melon":19,"minecraft:glass":21,"minecraft:sugar_cane":209,"minecraft:wheat":177,"minecraft:grass":283,"minecraft:deepslate":520,"minecraft:yellow_terracotta":21,"minecraft:blue_stained_glass_pane":2,"minecraft:shulker_box":31,"minecraft:end_stone":346,"minecraft:nether_bricks":19,"minecraft:crimson_roots":2,"minecraft:red_mushroom":1,"minecraft:acacia_trapdoor":1,"minecraft:jungle_sapling":1,"minecraft:acacia_wood":17,"minecraft:andesite":1074,"minecraft:cobblestone_slab":57,"minecraft:vine":111,"minecraft:rail":1,"minecraft:warped_stem":44,"minecraft:bamboo":117,"minecraft:bone_block":2,"minecraft:ender_chest":8,"minecraft:oak_slab":2,"minecraft:glass_pane":2,"minecraft:soul_sand":80,"minecraft:observer":2,"minecraft:dandelion":2,"minecraft:cornflower":1,"minecraft:warped_roots":2,"minecraft:purpur_pillar":4,"minecraft:tall_grass":25,"minecraft:copper_ore":60,"minecraft:diorite":387,"minecraft:warped_wart_block":1,"minecraft:white_carpet":11,"minecraft:gravel":304,"minecraft:acacia_door":2,"minecraft:cobweb":51,"minecraft:acacia_planks":161,"minecraft:stone_bricks":6,"minecraft:gold_ore":2,"minecraft:fern":1,"minecraft:attached_melon_stem":5,"minecraft:farmland":59,"minecraft:brewing_stand":3,"minecraft:grass_block":493,"minecraft:soul_soil":12,"minecraft:glowstone":27,"minecraft:iron_ore":66,"minecraft:iron_bars":4,"minecraft:end_stone_bricks":4,"minecraft:blackstone":23,"minecraft:magenta_wall_banner":1,"minecraft:melon_stem":12,"minecraft:purpur_stairs":1,"minecraft:clay":10,"minecraft:beacon":6,"minecraft:chest":12,"minecraft:nether_quartz_ore":115,"minecraft:cobblestone":381,"minecraft:slime_block":2,"minecraft:grindstone":2,"minecraft:oak_planks":10,"minecraft:iron_door":3,"minecraft:wall_torch":49,"minecraft:seagrass":2,"minecraft:warped_nylium":2,"minecraft:warped_planks":2,"minecraft:purpur_block":4,"minecraft:oak_log":317,"minecraft:acacia_fence":2,"minecraft:sand":73,"minecraft:dirt":897,"minecraft:wither_skeleton_skull":1,"minecraft:netherrack":5138,"minecraft:ancient_debris":20,"minecraft:oak_leaves":549,"minecraft:nether_gold_ore":123,"minecraft:tuff":39,"minecraft:deepslate_diamond_ore":56,"minecraft:oak_door":1,"minecraft:acacia_slab":8,"minecraft:crimson_stem":6,"minecraft:nether_sprouts":1,"minecraft:acacia_stairs":39,"minecraft:bookshelf":1,"minecraft:stripped_acacia_log":1,"minecraft:stripped_jungle_log":1,"minecraft:packed_ice":1439,"minecraft:chorus_plant":1,"minecraft:stone":12875,"minecraft:yellow_shulker_box":1,"minecraft:podzol":1,"minecraft:acacia_leaves":220,"minecraft:scaffolding":7,"minecraft:magenta_stained_glass":2,"minecraft:crafting_table":7,"minecraft:lapis_ore":5,"minecraft:blue_bed":5,"minecraft:acacia_fence_gate":2,"minecraft:ice":2,"minecraft:bee_nest":1,"minecraft:coal_ore":185,"minecraft:end_rod":6,"minecraft:cracked_stone_bricks":1,"minecraft:mossy_stone_bricks":2}},"DataVersion":3465}