{"stats":{"minecraft:dropped":{"minecraft:piston":2,"minecraft:acacia_wood":6,"minecraft:cooked_beef":8,"minecraft:glow_ink_sac":1,"minecraft:diamond":42,"minecraft:cooked_porkchop":3,"minecraft:crossbow":1,"minecraft:fletching_table":1,"minecraft:cracked_stone_bricks":2,"minecraft:saddle":1,"minecraft:elytra":4,"minecraft:red_carpet":2,"minecraft:emerald":17,"minecraft:dirt":276,"minecraft:grass":1,"minecraft:jungle_sapling":3,"minecraft:gold_nugget":109,"minecraft:wooden_sword":12,"minecraft:bone_meal":1,"minecraft:bone_block":2,"minecraft:phantom_membrane":96,"minecraft:white_wool":18,"minecraft:blue_bed":1,"minecraft:end_crystal":2,"minecraft:bone":9,"minecraft:oak_door":12,"minecraft:stone_axe":29,"minecraft:emerald_block":24,"minecraft:sugar_cane":7,"minecraft:cooked_chicken":9,"minecraft:cobbled_deepslate":46,"minecraft:birch_sapling":1,"minecraft:wheat":13,"minecraft:obsidian":5,"minecraft:rotten_flesh":106,"minecraft:oak_planks":16,"minecraft:end_stone":197,"minecraft:glowstone_dust":22,"minecraft:nether_brick_fence":3,"minecraft:jungle_trapdoor":64,"minecraft:salmon":1,"minecraft:coal_ore":23,"minecraft:jungle_log":17,"minecraft:hopper":9,"minecraft:leather_boots":15,"minecraft:acacia_sapling":2,"minecraft:ladder":4,"minecraft:leather_leggings":15,"minecraft:end_stone_bricks":27,"minecraft:glass":264,"minecraft:crying_obsidian":1,"minecraft:ghast_tear":3,"minecraft:acacia_fence":2,"minecraft:egg":2,"minecraft:enchanted_book":17,"minecraft:iron_ingot":228,"minecraft:wheat_seeds":76,"minecraft:cobblestone":22,"minecraft:oak_fence":1,"minecraft:purpur_slab":1,"minecraft:yellow_terracotta":67,"minecraft:iron_helmet":3,"minecraft:apple":1,"minecraft:granite":53,"minecraft:coal":5,"minecraft:golden_carrot":94,"minecraft:cooked_salmon":1,"minecraft:diamond_helmet":5,"minecraft:iron_shovel":5,"minecraft:paper":7,"minecraft:string":38,"minecraft:lily_pad":1,"minecraft:acacia_planks":76,"minecraft:purpur_pillar":4,"minecraft:soul_soil":54,"minecraft:stone_sword":19,"minecraft:deepslate":374,"minecraft:bowl":1,"minecraft:diamond_hoe":2,"minecraft:stone_shovel":2,"minecraft:white_carpet":76,"minecraft:iron_boots":1,"minecraft:nether_bricks":104,"minecraft:suspicious_stew":2,"minecraft:diamond_sword":10,"minecraft:cobblestone_slab":2,"minecraft:stone":76,"minecraft:spruce_planks":1,"minecraft:diamond_pickaxe":13,"minecraft:redstone_torch":5,"minecraft:spider_eye":5,"minecraft:stone_bricks":467,"minecraft:bow":5,"minecraft:nether_brick_stairs":1,"minecraft:acacia_boat":1,"minecraft:soul_sand":34,"minecraft:diamond_axe":5,"minecraft:oak_log":23,"minecraft:ender_pearl":1297,"minecraft:leather":1,"minecraft:jungle_planks":5,"minecraft:iron_horse_armor":2,"minecraft:flint":11,"minecraft:dispenser":3,"minecraft:cornflower":2,"minecraft:crimson_roots":7,"minecraft:seagrass":3,"minecraft:pumpkin_pie":168,"minecraft:acacia_door":3,"minecraft:gravel":130,"minecraft:purpur_block":1,"minecraft:blackstone":17,"minecraft:music_disc_otherside":2,"minecraft:cooked_mutton":3,"minecraft:acacia_stairs":1,"minecraft:carrot":130,"minecraft:chiseled_stone_bricks":128,"minecraft:shulker_shell":18,"minecraft:poppy":2,"minecraft:oak_fence_gate":1,"minecraft:gunpowder":14,"minecraft:melon_seeds":2,"minecraft:acacia_slab":3,"minecraft:bee_nest":2,"minecraft:basalt":31,"minecraft:arrow":14,"minecraft:powered_rail":7,"minecraft:white_concrete_powder":23,"minecraft:quartz":4,"minecraft:oak_leaves":4,"minecraft:netherrack":798,"minecraft:acacia_pressure_plate":1,"minecraft:enchanting_table":1,"minecraft:firework_rocket":50,"minecraft:water_bucket":2,"minecraft:bread":16,"minecraft:oak_slab":96,"minecraft:golden_helmet":1,"minecraft:diamond_leggings":5,"minecraft:acacia_log":2,"minecraft:grass_block":3,"minecraft:acacia_trapdoor":1,"minecraft:stick":68,"minecraft:diorite":5,"minecraft:nether_gold_ore":4,"minecraft:torch":59,"minecraft:brown_wool":2,"minecraft:iron_door":3,"minecraft:iron_leggings":3,"minecraft:polished_blackstone_brick_slab":3,"minecraft:iron_axe":4,"minecraft:dandelion":1,"minecraft:redstone":19,"minecraft:kelp":1,"minecraft:oak_trapdoor":7,"minecraft:raw_copper":12,"minecraft:tuff":51,"minecraft:raw_iron":5,"minecraft:wither_skeleton_skull":1,"minecraft:shulker_box":1,"minecraft:acacia_leaves":19,"minecraft:flint_and_steel":1,"minecraft:dead_horn_coral_fan":1,"minecraft:diamond_chestplate":5,"minecraft:iron_chestplate":1,"minecraft:andesite":52,"minecraft:mossy_stone_bricks":5,"minecraft:oak_sapling":3,"minecraft:golden_sword":4,"minecraft:diamond_boots":6,"minecraft:slime_ball":74,"minecraft:stone_pickaxe":21,"minecraft:magma_cream":36},"minecraft:broken":{"minecraft:shield":1,"minecraft:iron_axe":8,"minecraft:iron_pickaxe":3,"minecraft:iron_shovel":4,"minecraft:stone_axe":1,"minecraft:stone_shovel":3},"minecraft:used":{"minecraft:dispenser":15,"minecraft:elytra":1,"minecraft:ladder":28,"minecraft:poppy":6,"minecraft:black_carpet":13,"minecraft:chest":108,"minecraft:stone":1123,"minecraft:soul_sand":1,"minecraft:acacia_button":64,"minecraft:jungle_sapling":3,"minecraft:lava_bucket":87,"minecraft:grass_block":2,"minecraft:orange_shulker_box":16,"minecraft:bow":50,"minecraft:oak_sapling":62,"minecraft:furnace":27,"minecraft:egg":3,"minecraft:diorite":32,"minecraft:end_stone_bricks":559,"minecraft:chorus_fruit":1,"minecraft:acacia_trapdoor":18,"minecraft:powered_rail":11,"minecraft:blackstone":2,"minecraft:wooden_pickaxe":9,"minecraft:composter":12,"minecraft:purpur_pillar":2,"minecraft:oak_leaves":134,"minecraft:sand":5,"minecraft:blast_furnace":6,"minecraft:stone_button":2,"minecraft:lectern":918,"minecraft:red_terracotta":6,"minecraft:diamond_sword":2614,"minecraft:wooden_sword":2,"minecraft:smithing_table":27,"minecraft:oak_boat":21,"minecraft:oak_trapdoor":43,"minecraft:iron_bars":44,"minecraft:enchanting_table":3,"minecraft:stone_sword":20,"minecraft:acacia_log":2,"minecraft:carved_pumpkin":1,"minecraft:cooked_salmon":1,"minecraft:netherrack":3400,"minecraft:orange_bed":20,"minecraft:torch":418,"minecraft:anvil":6,"minecraft:brewing_stand":7,"minecraft:wheat":23,"minecraft:jungle_trapdoor":144,"minecraft:oak_fence_gate":14,"minecraft:red_shulker_box":24,"minecraft:iron_axe":1816,"minecraft:iron_block":992,"minecraft:jungle_log":1,"minecraft:melon_seeds":29,"minecraft:diamond_chestplate":3,"minecraft:basalt":38,"minecraft:glowstone":2,"minecraft:beef":1,"minecraft:acacia_wood":7,"minecraft:observer":13,"minecraft:cobbled_deepslate":171,"minecraft:acacia_planks":142,"minecraft:wheat_seeds":268,"minecraft:water_bucket":351,"minecraft:fletching_table":2,"minecraft:leather_boots":1,"minecraft:deepslate_bricks":174,"minecraft:rail":172,"minecraft:comparator":4,"minecraft:oak_slab":52,"minecraft:crafting_table":49,"minecraft:red_bed":12,"minecraft:white_bed":21,"minecraft:oak_log":5,"minecraft:blue_stained_glass_pane":1,"minecraft:diamond_pickaxe":20901,"minecraft:diamond_shovel":1604,"minecraft:acacia_sign":11,"minecraft:iron_pickaxe":1076,"minecraft:suspicious_stew":7,"minecraft:purpur_slab":1,"minecraft:crimson_nylium":21,"minecraft:chiseled_stone_bricks":129,"minecraft:cobblestone":1325,"minecraft:porkchop":2,"minecraft:cooked_porkchop":116,"minecraft:glass_pane":17,"minecraft:dandelion":3,"minecraft:jukebox":5,"minecraft:diamond_leggings":5,"minecraft:iron_shovel":1251,"minecraft:melon":4,"minecraft:bone_block":2,"minecraft:oak_sign":7,"minecraft:shield":85,"minecraft:iron_sword":111,"minecraft:nether_wart":29,"minecraft:bell":1,"minecraft:grass":1,"minecraft:iron_chestplate":1,"minecraft:mutton":1,"minecraft:jungle_planks":31,"minecraft:nether_bricks":72,"minecraft:carrot":525,"minecraft:tuff":41,"minecraft:axolotl_bucket":1,"minecraft:obsidian":17,"minecraft:glass":453,"minecraft:lantern":12,"minecraft:iron_helmet":1,"minecraft:stone_bricks":504,"minecraft:repeater":50,"minecraft:red_carpet":1,"minecraft:magma_block":2,"minecraft:brown_carpet":5,"minecraft:scaffolding":262,"minecraft:jungle_button":755,"minecraft:diamond_boots":4,"minecraft:wither_skeleton_skull":12,"minecraft:stone_pickaxe":50,"minecraft:jungle_fence":2,"minecraft:oak_planks":606,"minecraft:ender_pearl":148,"minecraft:sugar_cane":50,"minecraft:diamond_axe":1932,"minecraft:blue_bed":2,"minecraft:white_wool":3,"minecraft:yellow_terracotta":8,"minecraft:end_stone":255,"minecraft:blackstone_wall":9,"minecraft:cobbled_deepslate_stairs":21,"minecraft:shears":51,"minecraft:redstone_torch":13,"minecraft:lever":47,"minecraft:firework_rocket":224,"minecraft:bread":15,"minecraft:deepslate":237,"minecraft:gravel":8,"minecraft:blackstone_slab":9,"minecraft:dead_horn_coral_fan":1,"minecraft:grindstone":10,"minecraft:andesite":9,"minecraft:bone_meal":131,"minecraft:purpur_block":11,"minecraft:music_disc_otherside":18,"minecraft:flint_and_steel":2,"minecraft:stone_shovel":535,"minecraft:redstone":39,"minecraft:ender_chest":48,"minecraft:deepslate_gold_ore":1,"minecraft:stone_hoe":84,"minecraft:cooked_chicken":6,"minecraft:dirt":1172,"minecraft:white_carpet":840,"minecraft:hopper":58,"minecraft:diamond_helmet":4,"minecraft:shulker_box":90,"minecraft:granite":10,"minecraft:stone_brick_slab":4,"minecraft:bookshelf":66,"minecraft:acacia_slab":549,"minecraft:crimson_planks":7,"minecraft:golden_carrot":216,"minecraft:soul_soil":61,"minecraft:netherite_pickaxe":348,"minecraft:minecart":37,"minecraft:cooked_beef":17,"minecraft:cooked_mutton":23,"minecraft:acacia_boat":11,"minecraft:cobblestone_stairs":24,"minecraft:glass_bottle":45,"minecraft:beacon":11,"minecraft:stonecutter":5,"minecraft:cobblestone_slab":2080,"minecraft:warped_planks":2,"minecraft:dark_oak_door":1,"minecraft:piston":51,"minecraft:stone_axe":105,"minecraft:fishing_rod":23,"minecraft:end_crystal":11,"minecraft:white_banner":1,"minecraft:pink_shulker_box":7,"minecraft:bucket":438,"minecraft:pumpkin_pie":189,"minecraft:yellow_bed":9,"minecraft:splash_potion":9},"minecraft:picked_up":{"minecraft:seagrass":17,"minecraft:iron_chestplate":3,"minecraft:suspicious_stew":5,"minecraft:anvil":4,"minecraft:smithing_table":25,"minecraft:lead":9,"minecraft:diamond_sword":22,"minecraft:acacia_pressure_plate":1,"minecraft:enchanted_book":1,"minecraft:brewing_stand":11,"minecraft:golden_sword":5,"minecraft:string":96,"minecraft:soul_soil":115,"minecraft:cooked_salmon":2,"minecraft:blue_stained_glass_pane":11,"minecraft:diamond_leggings":17,"minecraft:gold_nugget":120,"minecraft:cobbled_deepslate":540,"minecraft:spruce_planks":4,"minecraft:acacia_sign":7,"minecraft:melon_slice":36,"minecraft:dark_oak_door":1,"minecraft:golden_helmet":1,"minecraft:polished_blackstone_brick_slab":3,"minecraft:jukebox":5,"minecraft:composter":15,"minecraft:purpur_pillar":6,"minecraft:acacia_log":93,"minecraft:warped_planks":16,"minecraft:end_crystal":8,"minecraft:brown_carpet":2,"minecraft:orange_bed":23,"minecraft:stone_sword":22,"minecraft:blackstone_wall":11,"minecraft:blue_dye":1,"minecraft:iron_block":826,"minecraft:glowstone":2,"minecraft:bookshelf":44,"minecraft:end_rod":4,"minecraft:blaze_rod":354,"minecraft:iron_bars":179,"minecraft:magma_block":6351,"minecraft:cooked_beef":48,"minecraft:iron_door":4,"minecraft:water_bucket":17,"minecraft:jungle_log":109,"minecraft:brown_wool":2,"minecraft:acacia_leaves":19,"minecraft:flint":34,"minecraft:lantern":2,"minecraft:stonecutter":6,"minecraft:diamond_helmet":16,"minecraft:glowstone_dust":30,"minecraft:acacia_stairs":120,"minecraft:red_terracotta":6,"minecraft:dispenser":11,"minecraft:deepslate":615,"minecraft:lever":35,"minecraft:deepslate_gold_ore":1,"minecraft:granite":161,"minecraft:bread":3,"minecraft:crimson_roots":7,"minecraft:diamond_pickaxe":25,"minecraft:crafting_table":36,"minecraft:bee_nest":3,"minecraft:nether_wart":176,"minecraft:leather_leggings":14,"minecraft:dragon_head":1,"minecraft:purpur_block":12,"minecraft:cornflower":4,"minecraft:jungle_trapdoor":338,"minecraft:red_bed":12,"minecraft:elytra":16,"minecraft:acacia_door":4,"minecraft:flint_and_steel":2,"minecraft:white_carpet":1629,"minecraft:iron_shovel":7,"minecraft:glass_pane":28,"minecraft:cracked_stone_bricks":5,"minecraft:music_disc_otherside":22,"minecraft:beef":17,"minecraft:jungle_sapling":9,"minecraft:poppy":50,"minecraft:minecart":36,"minecraft:chest":57,"minecraft:birch_sapling":1,"minecraft:piston":42,"minecraft:diamond_hoe":5,"minecraft:egg":7,"minecraft:copper_ore":8,"minecraft:stone":3523,"minecraft:oak_door":9,"minecraft:carrot":1619,"minecraft:redstone":225,"minecraft:stone_shovel":2,"minecraft:diamond_chestplate":13,"minecraft:deepslate_bricks":3,"minecraft:shears":8,"minecraft:diamond_boots":15,"minecraft:hay_block":8,"minecraft:purpur_slab":3,"minecraft:yellow_terracotta":78,"minecraft:gold_ingot":35,"minecraft:mutton":8,"minecraft:white_wool":61,"minecraft:bone_block":113,"minecraft:rail":223,"minecraft:lapis_ore":1,"minecraft:yellow_shulker_box":1,"minecraft:clock":1,"minecraft:jungle_fence":1,"minecraft:yellow_dye":1,"minecraft:blackstone_slab":3,"minecraft:acacia_wood":83,"minecraft:ancient_debris":1,"minecraft:oak_log":383,"minecraft:lily_pad":17,"minecraft:jungle_button":9,"minecraft:golden_boots":1,"minecraft:blue_bed":5,"minecraft:paper":15,"minecraft:white_banner":3,"minecraft:apple":5,"minecraft:stone_bricks":16,"minecraft:kelp":101,"minecraft:oak_fence_gate":11,"minecraft:stone_pickaxe":7,"minecraft:iron_ore":4,"minecraft:glass_bottle":13,"minecraft:iron_sword":2,"minecraft:gravel":316,"minecraft:crying_obsidian":1,"minecraft:dragon_egg":1,"minecraft:firework_rocket":85,"minecraft:diamond_shovel":6,"minecraft:coal_ore":46,"minecraft:slime_ball":80,"minecraft:stone_axe":19,"minecraft:diamond_axe":15,"minecraft:melon_seeds":18,"minecraft:crimson_nylium":27,"minecraft:hopper":33,"minecraft:ender_pearl":5304,"minecraft:shulker_shell":20,"minecraft:wheat":44,"minecraft:black_carpet":13,"minecraft:ender_chest":48,"minecraft:nether_brick_fence":3,"minecraft:dead_horn_coral_fan":2,"minecraft:turtle_egg":39,"minecraft:potion":11,"minecraft:raw_copper":106,"minecraft:iron_leggings":3,"minecraft:pink_shulker_box":5,"minecraft:oak_sign":1,"minecraft:comparator":3,"minecraft:bucket":6,"minecraft:red_dye":17,"minecraft:redstone_torch":16,"minecraft:cobblestone_slab":582,"minecraft:ender_eye":1,"minecraft:iron_pickaxe":2,"minecraft:iron_boots":1,"minecraft:furnace":10,"minecraft:stick":192,"minecraft:orange_shulker_box":14,"minecraft:acacia_fence":2,"minecraft:oak_fence":1,"minecraft:torch":442,"minecraft:spruce_stairs":3,"minecraft:porkchop":60,"minecraft:pointed_dripstone":21,"minecraft:diorite":283,"minecraft:nether_gold_ore":7,"minecraft:rotten_flesh":195,"minecraft:obsidian":81,"minecraft:blaze_powder":1,"minecraft:cobblestone":2016,"minecraft:enchanting_table":3,"minecraft:magma_cream":69,"minecraft:repeater":50,"minecraft:andesite":77,"minecraft:beacon":10,"minecraft:tuff":136,"minecraft:wither_skeleton_skull":13,"minecraft:acacia_boat":9,"minecraft:lapis_lazuli":231,"minecraft:dirt":1893,"minecraft:leather_boots":14,"minecraft:glass":675,"minecraft:bone":510,"minecraft:acacia_planks":374,"minecraft:bow":6,"minecraft:wheat_seeds":397,"minecraft:raw_gold":181,"minecraft:bell":1,"minecraft:grindstone":7,"minecraft:mossy_stone_bricks":5,"minecraft:fletching_table":5,"minecraft:powered_rail":17,"minecraft:oak_planks":404,"minecraft:ghast_tear":20,"minecraft:cooked_porkchop":141,"minecraft:sand":225,"minecraft:jungle_planks":53,"minecraft:melon":4,"minecraft:nether_brick_stairs":1,"minecraft:grass_block":6,"minecraft:shulker_box":96,"minecraft:diamond":176,"minecraft:crossbow":1,"minecraft:grass":2,"minecraft:bone_meal":211,"minecraft:golden_apple":7,"minecraft:emerald":230,"minecraft:netherrack":4717,"minecraft:oak_sapling":56,"minecraft:chorus_fruit":3,"minecraft:oak_leaves":188,"minecraft:nether_star":3,"minecraft:end_stone_bricks":360,"minecraft:fishing_rod":4,"minecraft:splash_potion":4,"minecraft:chicken":1,"minecraft:ladder":21,"minecraft:brown_mushroom":14,"minecraft:wooden_pickaxe":1,"minecraft:gold_block":2,"minecraft:chain":3,"minecraft:shield":6,"minecraft:dragon_breath":23,"minecraft:oak_trapdoor":23,"minecraft:iron_axe":2,"minecraft:wooden_sword":11,"minecraft:item_frame":2,"minecraft:blackstone":20,"minecraft:blue_orchid":26,"minecraft:oak_boat":63,"minecraft:observer":4,"minecraft:light_gray_wool":1,"minecraft:lectern":913,"minecraft:sugar_cane":130,"minecraft:phantom_membrane":66,"minecraft:raw_iron":103,"minecraft:end_stone":1037,"minecraft:bowl":11,"minecraft:cookie":64,"minecraft:stone_button":2,"minecraft:dark_oak_planks":5,"minecraft:arrow":130,"minecraft:red_shulker_box":24,"minecraft:pumpkin_pie":144,"minecraft:nether_bricks":180,"minecraft:basalt":78,"minecraft:golden_carrot":274,"minecraft:glow_ink_sac":11,"minecraft:crimson_stem":34,"minecraft:magenta_banner":1,"minecraft:salmon":19,"minecraft:leather":60,"minecraft:yellow_glazed_terracotta":6,"minecraft:yellow_bed":9,"minecraft:cobbled_deepslate_stairs":5,"minecraft:gunpowder":75,"minecraft:cooked_mutton":22,"minecraft:red_carpet":4,"minecraft:acacia_trapdoor":17,"minecraft:iron_ingot":401,"minecraft:cooked_chicken":12,"minecraft:acacia_sapling":5,"minecraft:soul_sand":38,"minecraft:book":1284,"minecraft:scaffolding":155,"minecraft:oak_slab":20,"minecraft:nether_quartz_ore":4,"minecraft:emerald_block":24,"minecraft:pumpkin":14,"minecraft:chiseled_stone_bricks":1,"minecraft:quartz":10,"minecraft:dandelion":8,"minecraft:dripstone_block":21,"minecraft:lava_bucket":2,"minecraft:blast_furnace":6,"minecraft:white_bed":19,"minecraft:spider_eye":31,"minecraft:white_concrete_powder":23,"minecraft:iron_helmet":3,"minecraft:acacia_slab":191,"minecraft:black_wool":1,"minecraft:coal":464,"minecraft:wooden_axe":1},"minecraft:killed":{"minecraft:shulker":22,"minecraft:skeleton":68,"minecraft:chicken":1,"minecraft:cat":1,"minecraft:magma_cube":91,"minecraft:salmon":18,"minecraft:iron_golem":18,"minecraft:ender_dragon":3,"minecraft:zombie":108,"minecraft:cow":9,"minecraft:wandering_trader":2,"minecraft:enderman":2804,"minecraft:zombified_piglin":62,"minecraft:witch":2,"minecraft:spider":34,"minecraft:wither":2,"minecraft:piglin":18,"minecraft:pig":29,"minecraft:zombie_villager":1,"minecraft:creeper":31,"minecraft:sheep":7,"minecraft:trader_llama":8,"minecraft:ghast":8,"minecraft:blaze":160,"minecraft:slime":46,"minecraft:phantom":33,"minecraft:drowned":1,"minecraft:bat":1,"minecraft:wither_skeleton":165,"minecraft:villager":4},"minecraft:custom":{"minecraft:interact_with_crafting_table":367,"minecraft:bell_ring":38,"minecraft:eat_cake_slice":13,"minecraft:leave_game":50,"minecraft:time_since_death":114816,"minecraft:damage_blocked_by_shield":4371,"minecraft:play_time":2977406,"minecraft:deaths":12,"minecraft:jump":47928,"minecraft:enchant_item":29,"minecraft:interact_with_furnace":122,"minecraft:play_record":18,"minecraft:traded_with_villager":1220,"minecraft:sleep_in_bed":20,"minecraft:damage_dealt":232209,"minecraft:inspect_dispenser":23,"minecraft:horse_one_cm":9679,"minecraft:interact_with_smithing_table":6,"minecraft:inspect_dropper":2,"minecraft:interact_with_anvil":60,"minecraft:inspect_hopper":26,"minecraft:sneak_time":251043,"minecraft:interact_with_blast_furnace":23,"minecraft:total_world_time":2977406,"minecraft:interact_with_stonecutter":14,"minecraft:time_since_rest":114895,"minecraft:swim_one_cm":458414,"minecraft:fly_one_cm":13998913,"minecraft:open_chest":2347,"minecraft:fall_one_cm":1123249,"minecraft:animals_bred":13,"minecraft:open_shulker_box":744,"minecraft:sprint_one_cm":5787918,"minecraft:drop":3319,"minecraft:talked_to_villager":1996,"minecraft:interact_with_brewingstand":27,"minecraft:walk_on_water_one_cm":273982,"minecraft:open_enderchest":283,"minecraft:interact_with_beacon":38,"minecraft:player_kills":8,"minecraft:crouch_one_cm":978511,"minecraft:mob_kills":3819,"minecraft:climb_one_cm":284157,"minecraft:walk_one_cm":6664879,"minecraft:walk_under_water_one_cm":332079,"minecraft:boat_one_cm":910473,"minecraft:interact_with_grindstone":25,"minecraft:damage_taken":37989,"minecraft:aviate_one_cm":9232731},"minecraft:killed_by":{"minecraft:ender_dragon":2,"minecraft:iron_golem":1},"minecraft:crafted":{"minecraft:ender_chest":1,"minecraft:jungle_button":44,"minecraft:smooth_stone":18,"minecraft:oak_sign":6,"minecraft:blaze_powder":18,"minecraft:lever":20,"minecraft:diamond_shovel":2,"minecraft:bookshelf":55,"minecraft:cooked_mutton":25,"minecraft:shulker_box":1,"minecraft:iron_bars":16,"minecraft:glass":642,"minecraft:diamond_helmet":2,"minecraft:diamond_leggings":2,"minecraft:beacon":1,"minecraft:name_tag":16,"minecraft:glass_bottle":33,"minecraft:emerald":1156,"minecraft:cooked_porkchop":35,"minecraft:diamond_axe":2,"minecraft:acacia_slab":132,"minecraft:jungle_boat":82,"minecraft:smithing_table":4,"minecraft:lectern":6,"minecraft:stone_slab":6,"minecraft:iron_pickaxe":4,"minecraft:iron_block":170,"minecraft:gold_ingot":136,"minecraft:composter":3,"minecraft:golden_carrot":264,"minecraft:stone_shovel":4,"minecraft:leather_leggings":1,"minecraft:orange_shulker_box":2,"minecraft:bone_meal":108,"minecraft:pink_dye":2,"minecraft:white_carpet":78,"minecraft:lantern":12,"minecraft:ladder":12,"minecraft:stone_pickaxe":22,"minecraft:diamond_boots":2,"minecraft:cobbled_deepslate_stairs":16,"minecraft:enchanting_table":2,"minecraft:acacia_trapdoor":6,"minecraft:glowstone":2,"minecraft:enchanted_book":61,"minecraft:orange_dye":4,"minecraft:oak_fence_gate":4,"minecraft:golden_apple":17,"minecraft:acacia_sign":12,"minecraft:fermented_spider_eye":3,"minecraft:iron_shovel":6,"minecraft:iron_leggings":1,"minecraft:white_bed":3,"minecraft:grindstone":2,"minecraft:oak_planks":1628,"minecraft:cobblestone_slab":1830,"minecraft:pink_shulker_box":2,"minecraft:stone":5,"minecraft:suspicious_stew":20,"minecraft:hopper":38,"minecraft:stone_brick_slab":126,"minecraft:bow":2,"minecraft:iron_boots":1,"minecraft:blackstone_wall":18,"minecraft:chest":76,"minecraft:rail":48,"minecraft:stone_hoe":1,"minecraft:ender_eye":15,"minecraft:stone_bricks":248,"minecraft:oak_slab":90,"minecraft:crafting_table":16,"minecraft:wooden_pickaxe":1,"minecraft:iron_helmet":1,"minecraft:dispenser":2,"minecraft:apple":44,"minecraft:iron_chestplate":1,"minecraft:paper":87,"minecraft:emerald_block":47,"minecraft:diamond_pickaxe":10,"minecraft:yellow_dye":4,"minecraft:shield":4,"minecraft:stick":1037,"minecraft:iron_ingot":137,"minecraft:stone_sword":1,"minecraft:redstone_torch":7,"minecraft:shears":1,"minecraft:cookie":288,"minecraft:wooden_sword":1,"minecraft:oak_door":3,"minecraft:fishing_rod":1,"minecraft:leather_boots":1,"minecraft:furnace":23,"minecraft:blast_furnace":6,"minecraft:piston":15,"minecraft:jungle_trapdoor":2,"minecraft:end_stone_bricks":244,"minecraft:glass_pane":16,"minecraft:oak_trapdoor":58,"minecraft:iron_axe":20,"minecraft:minecart":4,"minecraft:cooked_beef":16,"minecraft:sugar":3,"minecraft:red_dye":3,"minecraft:crimson_planks":136,"minecraft:diamond_sword":4,"minecraft:powered_rail":6,"minecraft:iron_sword":1,"minecraft:bucket":4,"minecraft:stone_axe":21,"minecraft:air":0,"minecraft:bread":34,"minecraft:acacia_boat":77,"minecraft:jungle_planks":600,"minecraft:oak_boat":33,"minecraft:jungle_door":3,"minecraft:white_wool":16,"minecraft:gold_nugget":81,"minecraft:anvil":2,"minecraft:pumpkin_pie":188,"minecraft:acacia_planks":664,"minecraft:torch":124,"minecraft:end_crystal":13,"minecraft:blackstone_slab":6,"minecraft:diamond_chestplate":2,"minecraft:firework_rocket":240},"minecraft:mined":{"minecraft:dark_oak_planks":8,"minecraft:red_shulker_box":23,"minecraft:white_bed":19,"minecraft:obsidian":42,"minecraft:granite":77,"minecraft:acacia_log":92,"minecraft:jungle_log":1,"minecraft:deepslate_bricks":5,"minecraft:purpur_slab":1,"minecraft:hopper":13,"minecraft:acacia_pressure_plate":3,"minecraft:oak_wall_sign":1,"minecraft:nether_wart":69,"minecraft:chiseled_stone_bricks":2,"minecraft:spawner":1,"minecraft:weeping_vines_plant":1,"minecraft:tall_seagrass":5,"minecraft:magma_block":6534,"minecraft:cobbled_deepslate":20,"minecraft:fire":273,"minecraft:pumpkin":7,"minecraft:deepslate_lapis_ore":8,"minecraft:fletching_table":4,"minecraft:nether_brick_stairs":1,"minecraft:enchanting_table":2,"minecraft:dirt_path":149,"minecraft:oak_stairs":1,"minecraft:blue_orchid":22,"minecraft:iron_block":810,"minecraft:orange_bed":23,"minecraft:jungle_trapdoor":9,"minecraft:piston_head":1,"minecraft:jungle_button":10,"minecraft:brown_mushroom":8,"minecraft:red_bed":12,"minecraft:kelp_plant":14,"minecraft:crimson_nylium":39,"minecraft:soul_fire":24,"minecraft:torch":50,"minecraft:blast_furnace":6,"minecraft:melon":5,"minecraft:glass":185,"minecraft:sugar_cane":49,"minecraft:chain":3,"minecraft:repeater":26,"minecraft:wheat":128,"minecraft:jukebox":5,"minecraft:yellow_glazed_terracotta":6,"minecraft:grass":482,"minecraft:oak_fence_gate":10,"minecraft:stonecutter":5,"minecraft:piston":39,"minecraft:deepslate":592,"minecraft:yellow_terracotta":50,"minecraft:pink_shulker_box":5,"minecraft:blue_stained_glass_pane":1,"minecraft:end_stone":833,"minecraft:shulker_box":88,"minecraft:nether_bricks":198,"minecraft:jungle_planks":34,"minecraft:crimson_roots":4,"minecraft:orange_shulker_box":14,"minecraft:redstone_wire":22,"minecraft:kelp":21,"minecraft:redstone_ore":7,"minecraft:acacia_trapdoor":19,"minecraft:acacia_wood":79,"minecraft:andesite":73,"minecraft:cobblestone_slab":537,"minecraft:rail":221,"minecraft:bone_block":113,"minecraft:white_wool":3,"minecraft:cake":1,"minecraft:ender_chest":47,"minecraft:smithing_table":24,"minecraft:oak_slab":13,"minecraft:glass_pane":16,"minecraft:comparator":3,"minecraft:soul_sand":13,"minecraft:brown_carpet":2,"minecraft:observer":4,"minecraft:dandelion":5,"minecraft:copper_ore":21,"minecraft:purpur_pillar":9,"minecraft:tall_grass":12,"minecraft:deepslate_gold_ore":66,"minecraft:diorite":276,"minecraft:red_terracotta":6,"minecraft:white_carpet":203,"minecraft:jungle_fence":1,"minecraft:dripstone_block":26,"minecraft:gravel":308,"minecraft:acacia_door":2,"minecraft:acacia_planks":218,"minecraft:stone_bricks":28,"minecraft:gold_ore":9,"minecraft:fern":1,"minecraft:spruce_planks":4,"minecraft:farmland":77,"minecraft:cobbled_deepslate_stairs":5,"minecraft:brewing_stand":10,"minecraft:grass_block":752,"minecraft:soul_soil":115,"minecraft:polished_blackstone_brick_slab":3,"minecraft:composter":13,"minecraft:glowstone":6,"minecraft:iron_ore":51,"minecraft:turtle_egg":39,"minecraft:black_carpet":7,"minecraft:anvil":4,"minecraft:pointed_dripstone":5,"minecraft:iron_bars":48,"minecraft:end_stone_bricks":340,"minecraft:deepslate_redstone_ore":21,"minecraft:blackstone":20,"minecraft:magenta_wall_banner":1,"minecraft:melon_stem":2,"minecraft:poppy":2,"minecraft:beacon":9,"minecraft:chest":36,"minecraft:nether_quartz_ore":8,"minecraft:cobblestone":597,"minecraft:grindstone":6,"minecraft:oak_planks":388,"minecraft:iron_door":3,"minecraft:wall_torch":49,"minecraft:seagrass":12,"minecraft:powered_rail":10,"minecraft:dark_oak_door":1,"minecraft:warped_planks":11,"minecraft:light_gray_wool":1,"minecraft:purpur_block":34,"minecraft:oak_log":355,"minecraft:acacia_fence":3,"minecraft:sand":227,"minecraft:dirt":1018,"minecraft:wither_skeleton_skull":3,"minecraft:dispenser":6,"minecraft:netherrack":4945,"minecraft:ancient_debris":1,"minecraft:oak_leaves":81,"minecraft:nether_gold_ore":12,"minecraft:crying_obsidian":1,"minecraft:red_carpet":2,"minecraft:tuff":57,"minecraft:blackstone_wall":1,"minecraft:deepslate_diamond_ore":70,"minecraft:oak_door":3,"minecraft:lever":23,"minecraft:ladder":11,"minecraft:acacia_slab":199,"minecraft:sandstone":5,"minecraft:crimson_stem":39,"minecraft:hay_block":8,"minecraft:oak_trapdoor":16,"minecraft:furnace":10,"minecraft:carrots":343,"minecraft:acacia_stairs":122,"minecraft:gold_block":2,"minecraft:bell":1,"minecraft:nether_brick_fence":3,"minecraft:bookshelf":294,"minecraft:deepslate_iron_ore":31,"minecraft:chorus_plant":1,"minecraft:stone":4337,"minecraft:yellow_shulker_box":1,"minecraft:redstone_wall_torch":6,"minecraft:scaffolding":45,"minecraft:acacia_leaves":53,"minecraft:infested_stone_bricks":1,"minecraft:basalt":74,"minecraft:oak_fence":1,"minecraft:crafting_table":33,"minecraft:blackstone_slab":3,"minecraft:lectern":913,"minecraft:stone_slab":1,"minecraft:lapis_ore":8,"minecraft:polished_blackstone_brick_stairs":1,"minecraft:blue_bed":3,"minecraft:spruce_stairs":3,"minecraft:redstone_torch":3,"minecraft:white_wall_banner":1,"minecraft:bee_nest":2,"minecraft:yellow_bed":9,"minecraft:coal_ore":147,"minecraft:end_rod":4,"minecraft:cracked_stone_bricks":5,"minecraft:mossy_stone_bricks":5,"minecraft:acacia_wall_sign":4}},"DataVersion":3465}