{"stats":{"minecraft:used":{"minecraft:ender_pearl":4,"minecraft:dirt":1},"minecraft:mined":{"minecraft:grass_block":1},"minecraft:picked_up":{"minecraft:dirt":1},"minecraft:custom":{"minecraft:jump":182,"minecraft:open_chest":3,"minecraft:time_since_rest":5132,"minecraft:walk_on_water_one_cm":6542,"minecraft:damage_taken":220,"minecraft:leave_game":2,"minecraft:play_time":5132,"minecraft:sprint_one_cm":14784,"minecraft:time_since_death":5132,"minecraft:walk_one_cm":7222,"minecraft:sneak_time":1,"minecraft:total_world_time":5254,"minecraft:walk_under_water_one_cm":2764,"minecraft:swim_one_cm":20939,"minecraft:fall_one_cm":3860,"minecraft:fly_one_cm":61232}},"DataVersion":3465}